page,clicks,impressions,ctr,position
https://www.indoles.com.tr/tr/yazilar/2026-web-tasarim-trendleri,8,74,10.81%,4.91
https://www.indoles.com.tr/tr/hizmetler/geo-danismanligi,1,109,0.92%,23.77
https://www.indoles.com.tr/tr/hizmetler/ai-danismanlik,0,136,0.00%,11.18
https://www.indoles.com.tr/tr/hizmetler/cro,0,7,0.00%,20.14
https://www.indoles.com.tr/tr/hizmetler/dijital-donusum,0,9,0.00%,8.78
https://www.indoles.com.tr/tr/hizmetler/e-ticaret,0,9,0.00%,12.33
https://www.indoles.com.tr/tr/hizmetler/transform,0,9,0.00%,21.67
https://www.indoles.com.tr/tr/yazilar/ai-danismani-secerken-sorulacak-12-soru,0,60,0.00%,7.23
https://www.indoles.com.tr/tr/yazilar/buyuk-danismanlik-mi-butik-yapay-zeka-ajansi-mi,0,2,0.00%,7.50
https://www.indoles.com.tr/tr/yazilar/cro-ajansi-nasil-secilir,0,39,0.00%,18.28
https://www.indoles.com.tr/tr/yazilar/cro-danismanligi-fiyatlari,0,16,0.00%,14.31
https://www.indoles.com.tr/tr/yazilar/cro-nedir,0,58,0.00%,8.47
https://www.indoles.com.tr/tr/yazilar/dogru-pazarlama-ajansi-secmek-icin-8-onemli-soru,0,30,0.00%,9.50
https://www.indoles.com.tr/tr/yazilar/e-ticaret-danismani-nasil-secilir,0,12,0.00%,5.42
https://www.indoles.com.tr/tr/yazilar/geo-ajansi-nasil-secilir,0,70,0.00%,11.36
https://www.indoles.com.tr/tr/yazilar/gercek-e-ticaret-ajansinin-etkisi,0,12,0.00%,14.08
https://www.indoles.com.tr/tr/yazilar/yapay-zeka-danismanligi-fiyatlari,0,11,0.00%,30.36
https://www.indoles.com.tr/web-tasarim-ui-ux-tasarimi/,0,52,0.00%,12.94
